Department,Name,Rank,Title,URL,Pronouns,Sex,Filename
accounting,Matthew Bloomfield,Assistant,"Matthew Bloomfield, Assistant Professor of Accounting",https://accounting.wharton.upenn.edu/profile/mjbloom,"['his', 'his']",Male,matthew_bloomfield.jpg
accounting,Jennifer Blouin,Full,"Jennifer Blouin, Richard B. Worley Professor of Financial Management, Professor of Accounting",https://accounting.wharton.upenn.edu/profile/blouin,"['she', 'she', 'her', 'her']",Female,jennifer_blouin.jpg
accounting,Brian Bushee,Full,"Brian Bushee, The Geoffrey T. Boisi Professor,  Senior Vice Dean of Teaching and Learning",https://accounting.wharton.upenn.edu/profile/bushee,"['his', 'his', 'he', 'he', 'he', 'he', 'he', 'he', 'his']",Male,brian_bushee.jpg
accounting,Carolyn Deller,Assistant,"Carolyn Deller, Assistant Professor of Accounting",https://accounting.wharton.upenn.edu/profile/cdeller,"['her', 'her', 'she', 'she', 'she']",Female,carolyn_deller.jpg
accounting,Paul Fischer,Full,"Paul Fischer, Samuel R. Harrell Professor",https://accounting.wharton.upenn.edu/profile/pef,"['his', 'his', 'his', 'he', 'he', 'he', 'he', 'he', 'he', 'his', 'his']",Male,paul_fischer.jpg
accounting,Wayne Guay,Full,"Wayne Guay, Yageo Professor, Professor of Accounting",https://accounting.wharton.upenn.edu/profile/guay,"['his', 'his', 'he', 'he', 'his', 'he']",Male,wayne_guay.jpg
accounting,Luzi Hail,Full,"Luzi Hail, Stephen J. Heyman Professor, Professor of Accounting",https://accounting.wharton.upenn.edu/profile/lhail,"['he', 'his', 'his', 'he', 'his', 'he', 'he']",Male,luzi_hail.jpg
accounting,Mirko S. Heinle,Associate,"Mirko S. Heinle, Associate Professor of Accounting",https://accounting.wharton.upenn.edu/profile/miheinle,"['he', 'his']",Male,mirko_s_heinle.jpg
accounting,Robert W. Holthausen,Full,"Robert W. Holthausen, The Nomura Securities Co. Professor, Full Professor in Wharton Accounting, Professor of Finance",https://accounting.wharton.upenn.edu/profile/holthaus,"['he', 'he', 'his', 'he', 'his', 'his', 'he', 'he', 'his', 'his', 'he', 'he', 'his', 'his', 'he', 'he', 'he', 'his']",Male,robert_w_holthausen.jpg
accounting,Christopher D. Ittner,Full,"Christopher D. Ittner, EY Professor of Accounting, Chairperson, Accounting Department",https://accounting.wharton.upenn.edu/profile/ittner,"['his', 'he', 'his', 'he', 'he', 'his', 'his', 'his']",Male,christopher_d_ittner.jpg
accounting,Richard A. Lambert,Full,"Richard A. Lambert, Miller-Sherrerd Professor, Professor of Accounting",https://accounting.wharton.upenn.edu/profile/lambertr,"['he', 'his', 'he', 'he', 'he', 'he']",Male,richard_a_lambert.jpg
accounting,Allison Nicoletti,Assistant,"Allison Nicoletti, Assistant Professor of Accounting",https://accounting.wharton.upenn.edu/profile/anico,['she'],Female,allison_nicoletti.jpg
accounting,Sandra Schafhäutle,Assistant,"Sandra Schafhäutle, Assistant Professor of Accounting",https://accounting.wharton.upenn.edu/profile/schaf,"['she', 'she', 'her', 'her', 'she']",Female,sandra_schafhäutle.jpg
accounting,Catherine M. Schrand,Full,"Catherine M. Schrand, Celia Z. Moh Professor, Professor of Accounting",https://accounting.wharton.upenn.edu/profile/schrand,"['her', 'she', 'she', 'she', 'she', 'her', 'her', 'she', 'her', 'her', 'she', 'his', 'his']",Male,catherine_m_schrand.jpg
accounting,Carol Seregni,Assistant,"Carol Seregni, Assistant Professor of Accounting",https://accounting.wharton.upenn.edu/profile/cseregni,"['she', 'her', 'she']",Female,carol_seregni.jpg
accounting,Daniel Taylor,Full,"Daniel Taylor, Professor of Accounting",https://accounting.wharton.upenn.edu/profile/dtayl,"['he', 'he', 'his', 'his', 'his', 'he', 'he', 'his', 'his', 'he', 'his', 'his', 'his']",Male,daniel_taylor.jpg
accounting,Frank Zhou,Assistant,"Frank Zhou, Assistant Professor of Accounting",https://accounting.wharton.upenn.edu/profile/szho,"['his', 'his', 'he']",Male,frank_zhou.jpg
accounting,Christina Zhu,Assistant,"Christina Zhu, Harold C. Stott Assistant Professor, Assistant Professor of Accounting",https://accounting.wharton.upenn.edu/profile/chrzhu,"['her', 'her', 'she', 'her', 'her', 'her', 'she']",Female,christina_zhu.jpg
bepp,Santosh Anagol,Associate,"Santosh Anagol, Associate Professor of Business Economics and Public Policy",https://bepp.wharton.upenn.edu/profile/anagol,"['his', 'his', 'his', 'he', 'his', 'his']",Male,santosh_anagol.jpg
bepp,Eduardo Azevedo,Full,"Eduardo Azevedo, Professor of Business Economics and Public Policy, John M. Bendheim Professor, Thomas L. Bendheim Professor",https://bepp.wharton.upenn.edu/profile/eazevedo,"['he', 'her', 'her']",Male,eduardo_azevedo.jpg
bepp,Arthur van Benthem,Associate,"Arthur van Benthem, Associate Professor of Business Economics and Public Policy",https://bepp.wharton.upenn.edu/profile/arthurv,"['his', 'his', 'his', 'he', 'his', 'he', 'his', 'his', 'his', 'he', 'his', 'her', 'his']",Male,arthur_van_benthem.jpg
bepp,Susanna B. Berkouwer,Assistant,"Susanna B. Berkouwer, Assistant Professor of Business Economics and Public Policy",https://bepp.wharton.upenn.edu/profile/sberkou,[],Unknown,susanna_b_berkouwer.jpg
bepp,Ulrich Doraszelski,Full,"Ulrich Doraszelski, Joseph J. Aresty Professor, Professor of Business Economics and Public Policy, Professor of Marketing, Professor of Economics",https://bepp.wharton.upenn.edu/profile/ulrichd,"['he', 'he', 'his', 'he', 'he', 'he', 'her']",Male,ulrich_doraszelski.jpg
bepp,Joseph Harrington,Full,"Joseph Harrington, Patrick T. Harker Professor, Professor of Business Economics and Public Policy, Department Chair, Business Economics and Public Policy",https://bepp.wharton.upenn.edu/profile/harrij,"['his', 'his', 'his', 'he', 'he', 'he', 'he', 'he', 'he', 'her']",Male,joseph_harrington.jpg
bepp,Judd B. Kessler,Full,"Judd B. Kessler, Howard Marks Professor",https://bepp.wharton.upenn.edu/profile/juddk,"['his', 'his', 'he', 'he', 'his']",Male,judd_b_kessler.jpg
bepp,Benjamin B. Lockwood,Assistant,"Benjamin B. Lockwood, Clarence Nickman Assistant Professor of Business Economics and Public Policy",https://bepp.wharton.upenn.edu/profile/benlo,"['his', 'he', 'his', 'his']",Male,benjamin_b_lockwood.jpg
bepp,Corinne Low,Associate,"Corinne Low, Associate Professor of Business Economics and Public Policy",https://bepp.wharton.upenn.edu/profile/corlow,"['her', 'her', 'her', 'she']",Female,corinne_low.jpg
bepp,Olivia S. Mitchell,Full,"Olivia S. Mitchell, International Foundation of Employee Benefit Plans Professor, Professor of Business Economics and Public Policy, Professor of Insurance and Risk Management, Executive Director, Pension Research Council",https://bepp.wharton.upenn.edu/profile/mitchelo,"['she', 'she', 'her', 'her', 'she', 'she', 'she', 'she', 'her', 'her', 'she', 'her', 'she', 'her', 'her', 'she', 'she', 'she', 'she', 'she', 'she', 'she', 'she', 'she', 'she', 'she', 'she', 'he', 'she', 'she', 'she', 'she', 'she', 'she', 'she', 'her', 'she', 'she', 'she', 'she', 'she', 'he', 'he', 'she', 'she', 'he', 'he', 'his', 'he', 'she', 'he', 'he', 'he', 'he', 'she', 'he', 'he', 'she', 'she', 'he', 'he', 'he', 'he', 'she', 'he', 'she', 'he', 'she', 'she', 'she', 'he', 'he', 'he', 'he', 'he', 'she', 'he', 'she', 'he', 'she', 'she', 'she', 'he', 'he', 'his', 'she', 'she', 'she', 'she', 'she', 'she', 'she', 'she', 'she', 'she', 'she', 'she', 'she', 'she', 'she', 'her', 'she', 'she', 'she', 'her', 'she', 'her', 'she', 'she', 'his', 'she', 'he', 'his', 'he', 'his', 'he', 'she', 'he', 'she']",Male,olivia_s_mitchell.jpg
bepp,Leon Musolff,Assistant,"Leon Musolff, Assistant Professor of Business Economics and Public Policy",https://bepp.wharton.upenn.edu/profile/lmusolff,"['he', 'his', 'he', 'his']",Male,leon_musolff.jpg
bepp,Aviv Nevo,Full,"Aviv Nevo, George A. Weiss and Lydia Bravo Weiss University Professor , Professor of Business Economics and Public Policy, Professor of Economics, Professor of Marketing",https://bepp.wharton.upenn.edu/profile/anevo,"['his', 'his', 'he']",Male,aviv_nevo.jpg
bepp,Alex Rees-Jones,Associate,"Alex Rees-Jones, Associate Professor of Business Economics and Public Policy",https://bepp.wharton.upenn.edu/profile/alre,[],Male,alex_rees-jones.jpg
bepp,Kent Smetters,Full,"Kent Smetters, Boettner Professor, Professor of Business Economics and Public Policy",https://bepp.wharton.upenn.edu/profile/smetters,"['he', 'his', 'he', 'his', 'he', 'he', 'his', 'her']",Male,kent_smetters.jpg
bepp,Juuso Toikka,Associate,"Juuso Toikka, Associate Professor of Business Economics and Public Policy, Associate Professor of Economics",https://bepp.wharton.upenn.edu/profile/toikka,"['his', 'his', 'his', 'he', 'he']",Male,juuso_toikka.jpg
bepp,Shing-Yi Wang,Associate,"Shing-Yi Wang, Associate Professor of Business Economics and Public Policy",https://bepp.wharton.upenn.edu/profile/was,"['she', 'she', 'her', 'her', 'she', 'she', 'she', 'her', 'she', 'her', 'she']",Female,shing-yi_wang.jpg
fnce,Andrew B. Abel,Full,"Andrew B. Abel, Ronald A. Rosenfeld Professor, Professor of Finance, Professor of Economics",https://fnce.wharton.upenn.edu/profile/abel,[],Male,andrew_b_abel.jpg
fnce,Jules H. van Binsbergen,Full,"Jules H. van Binsbergen, The Nippon Life Professor in Finance, Professor of Finance",https://fnce.wharton.upenn.edu/profile/julesv,"['his', 'his', 'he', 'his', 'his', 'he', 'he', 'he']",Male,jules_h_van_binsbergen.jpg
fnce,Gideon Bornstein,Assistant,"Gideon Bornstein, Assistant Professor of Finance",https://fnce.wharton.upenn.edu/profile/gideonbo,[],Male,gideon_bornstein.jpg
fnce,Sylvain Catherine,Assistant,"Sylvain Catherine, Assistant Professor of Finance",https://fnce.wharton.upenn.edu/profile/scath,[],Male,sylvain_catherine.jpg
fnce,Domenico Cuoco,Associate,"Domenico Cuoco, Associate Professor of Finance",https://fnce.wharton.upenn.edu/profile/cuoco,[],Unknown,domenico_cuoco.jpg
fnce,William Diamond,Assistant,"William Diamond, Assistant Professor of Finance",https://fnce.wharton.upenn.edu/profile/diamondw,[],Male,william_diamond.jpg
fnce,Winston Wei Dou,Assistant,"Winston Wei Dou, Assistant Professor of Finance",https://fnce.wharton.upenn.edu/profile/wdou,"['his', 'his', 'he', 'his', 'he', 'he', 'he', 'he', 'he']",Male,winston_wei_dou.jpg
fnce,Itamar Drechsler,Full,"Itamar Drechsler, Ervin Miller-Arthur M. Freedman Professor, Professor of Finance, Co-Director, Rodney L. White Center for Financial Research",https://fnce.wharton.upenn.edu/profile/idrechsl,[],Male,itamar_drechsler.jpg
fnce,Daniel G. Garrett,Assistant,"Daniel G. Garrett, Assistant Professor of Finance",https://fnce.wharton.upenn.edu/profile/danielgg,[],Male,daniel_g_garrett.jpg
fnce,Michael R. Gibbons,Full,"Michael R. Gibbons, I.W. Burnham II Professor of Investment Banking",https://fnce.wharton.upenn.edu/profile/gibbons,[],Male,michael_r_gibbons.jpg
fnce,Vincent Glode,Full,"Vincent Glode, Pasi M. Hamalainen Professor , Professor of Finance",https://fnce.wharton.upenn.edu/profile/vglode,"['his', 'his', 'his', 'he', 'he', 'he', 'his', 'his']",Male,vincent_glode.jpg
fnce,Itay Goldstein,Full,"Itay Goldstein, Joel S. Ehrenkranz Family Professor, Professor of Finance, Professor of Economics, Chairperson, Finance Department",https://fnce.wharton.upenn.edu/profile/itayg,[],Male,itay_goldstein.jpg
fnce,Joao F. Gomes,Full,"Joao F. Gomes, Howard Butcher III Professor of Finance;  Professor of Economics, Senior Vice Dean of Research, Centers, and Academic Initiatives",https://fnce.wharton.upenn.edu/profile/gomesj,"['his', 'his', 'he', 'he', 'he', 'his', 'he']",Male,joao_f_gomes.jpg
fnce,Marius Guenzel,Assistant,"Marius Guenzel, Assistant Professor of Finance",https://fnce.wharton.upenn.edu/profile/mguenzel,[],Male,marius_guenzel.jpg
fnce,Bulent Gultekin,Associate,"Bulent Gultekin, Associate Professor of Finance",https://fnce.wharton.upenn.edu/profile/gultekin,[],Male,bulent_gultekin.jpg
fnce,Richard J. Herring,Full,"Richard J. Herring, Jacob Safra Professor of International Banking, Professor of Finance",https://fnce.wharton.upenn.edu/profile/herring,['he'],Male,richard_j_herring.jpg
fnce,Amy Wang Huber,Assistant,"Amy Wang Huber, Assistant Professor of Finance",https://fnce.wharton.upenn.edu/profile/amyhuber,[],Female,amy_wang_huber.jpg
fnce,Sasha Indarte,Assistant,"Sasha Indarte, Assistant Professor of Finance",https://fnce.wharton.upenn.edu/profile/aindarte,[],Female,sasha_indarte.jpg
fnce,Urban Jermann,Full,"Urban Jermann, Safra Professor of International Finance and Capital Markets,  Professor of Economics, Professor of Finance",https://fnce.wharton.upenn.edu/profile/jermann,[],Male,urban_jermann.jpg
fnce,Lorena Keller,Assistant,"Lorena Keller, Assistant Professor of Finance",https://fnce.wharton.upenn.edu/profile/lorenak,[],Female,lorena_keller.jpg
fnce,Tim Landvoigt,Associate,"Tim Landvoigt, Associate Professor of Finance",https://fnce.wharton.upenn.edu/profile/timland,[],Male,tim_landvoigt.jpg
fnce,Karen K. Lewis,Full,"Karen K. Lewis, Joseph and Ida Sondheimer Professor in International Economics and Finance, Professor of Finance,  Professor of Economics",https://fnce.wharton.upenn.edu/profile/lewisk,[],Female,karen_k_lewis.jpg
fnce,Lu Liu,Assistant,"Lu Liu, Assistant Professor of Finance",https://fnce.wharton.upenn.edu/profile/lliu1,[],Female,lu_liu.jpg
fnce,A. Craig MacKinlay,Full,"A. Craig MacKinlay, Joseph P. Wargrove Professor of Finance, Academic Director, Jacobs Levy Center",https://fnce.wharton.upenn.edu/profile/acmack,[],Male,a_craig_mackinlay.jpg
fnce,David Musto,Full,"David Musto, Ronald O. Perelman Professor in Finance, Director, Stevens Center for Innovation in Finance",https://fnce.wharton.upenn.edu/profile/musto,['her'],Female,david_musto.jpg
fnce,Sean Myers,Assistant,"Sean Myers, Assistant Professor of Finance",https://fnce.wharton.upenn.edu/profile/semyers,[],Male,sean_myers.jpg
fnce,Krishna Ramaswamy,Full,"Krishna Ramaswamy, Edward Hopkinson, Jr. Professor of Investment Banking, Professor of Finance",https://fnce.wharton.upenn.edu/profile/krishna,[],Male,krishna_ramaswamy.jpg
fnce,Michael Roberts,Full,"Michael Roberts, William H. Lawrence Professor, Professor of Finance",https://fnce.wharton.upenn.edu/profile/mrrobert,[],Male,michael_roberts.jpg
fnce,Nikolai Roussanov,Full,"Nikolai Roussanov, Moise Y. Safra Professor , Professor of Finance, Academic Advisor, MBA major in Quantitative Finance, Academic Director, ""Wharton on the Markets"" series",https://fnce.wharton.upenn.edu/profile/nroussan,[],Male,nikolai_roussanov.jpg
fnce,Sergio Salgado,Assistant,"Sergio Salgado, Assistant Professor of Finance",https://fnce.wharton.upenn.edu/profile/ssalgado,[],Male,sergio_salgado.jpg
fnce,Nicholas S. Souleles,Full,"Nicholas S. Souleles, Michael L. Tarnopol Professor, Professor of Finance",https://fnce.wharton.upenn.edu/profile/souleles,[],Male,nicholas_s_souleles.jpg
fnce,Robert F. Stambaugh,Full,"Robert F. Stambaugh, Miller Anderson & Sherrerd Professor of Finance,  Professor of Economics",https://fnce.wharton.upenn.edu/profile/stambaug,"['he', 'he', 'his', 'he', 'he', 'his']",Male,robert_f_stambaugh.jpg
fnce,Huan Tang,Assistant,"Huan Tang, Assistant Professor of Finance",https://fnce.wharton.upenn.edu/profile/huantang,[],Female,huan_tang.jpg
fnce,Luke Taylor,Full,"Luke Taylor, John B. Neff Professor in Finance, Professor of Finance, Co-Director, Rodney L. White Center for Financial Research, Coordinator of Finance PhD Program",https://fnce.wharton.upenn.edu/profile/luket,[],Male,luke_taylor.jpg
fnce,Jessica Wachter,Full,"Jessica Wachter, Dr. Bruce I. Jacobs Professor in Quantitative Finance, Professor of Finance",https://fnce.wharton.upenn.edu/profile/jwachter,"['she', 'she', 'she', 'she', 'she', 'her', 'she']",Female,jessica_wachter.jpg
fnce,Chaojun Wang,Assistant,"Chaojun Wang, Assistant Professor of Finance",https://fnce.wharton.upenn.edu/profile/wangchj,[],Unknown,chaojun_wang.jpg
fnce,Thomas Winberry,Assistant,"Thomas Winberry, Assistant Professor of Finance",https://fnce.wharton.upenn.edu/profile/twinb,[],Male,thomas_winberry.jpg
fnce,Bilge Yilmaz,Full,"Bilge Yilmaz,  Wharton Private Equity Professor, Professor of Finance; Academic Director, Harris Family Alternative Investments Program",https://fnce.wharton.upenn.edu/profile/yilmaz,['his'],Male,bilge_yilmaz.jpg
fnce,Yao Zeng,Assistant,"Yao Zeng, Assistant Professor of Finance",https://fnce.wharton.upenn.edu/profile/yaozeng,[],Male,yao_zeng.jpg
hcmg,Diane Alexander,Assistant,"Diane Alexander, Assistant Professor of Health Care Management",https://hcmg.wharton.upenn.edu/profile/dealexa,"['her', 'she', 'her', 'she', 'she', 'she']",Female,diane_alexander.jpg
hcmg,Abby E. Alpert,Assistant,"Abby E. Alpert, Assistant Professor of Health Care Management, Dorinda and Mark Winkelman Distinguished Faculty Scholar",https://hcmg.wharton.upenn.edu/profile/alpertab,"['she', 'her', 'her', 'she', 'her', 'she', 'she', 'she', 'her']",Female,abby_e_alpert.jpg
hcmg,Lawton R. Burns,Full,"Lawton R. Burns, James Joo-Jin Kim Professor, Professor of Health Care Management, Professor of Management",https://hcmg.wharton.upenn.edu/profile/burnsl,"['he', 'he', 'his', 'his', 'he', 'he', 'he', 'he', 'his', 'he', 'he', 'he', 'he']",Male,lawton_r_burns.jpg
hcmg,Guy David,Full,"Guy David, Alan B. Miller Professor, Professor of Health Care Management, Professor of Medical Ethics and Health Policy, Perelman School of Medicine, Chair, Health Care Management Department",https://hcmg.wharton.upenn.edu/profile/gdavid2,[],Male,guy_david.jpg
hcmg,Ezekiel J. Emanuel,Full,"Ezekiel J. Emanuel, Diane v.S. Levy and Robert M. Levy University Professor, Professor of Health Care Management, Professor of Medical Ethics and Health Policy in the Perelman School of Medicine",https://hcmg.wharton.upenn.edu/profile/zemanuel,"['he', 'his', 'his', 'his', 'his', 'he', 'he', 'he', 'he', 'his', 'he', 'his', 'his', 'his', 'his', 'he', 'he', 'his', 'his', 'he', 'he', 'he', 'he']",Male,ezekiel_j_emanuel.jpg
hcmg,Atul Gupta,Assistant,"Atul Gupta, Assistant Professor of Health Care Management",https://hcmg.wharton.upenn.edu/profile/atulgup,"['he', 'he', 'his', 'his', 'he', 'his', 'his', 'his', 'his', 'his']",Male,atul_gupta.jpg
hcmg,Marissa King,Full,"Marissa King, Alice Y. Hung President’s Distinguished Professor, Professor of Health Care Management, Professor of Management",https://hcmg.wharton.upenn.edu/profile/mdking,"['her', 'she', 'her', 'she', 'her', 'she', 'she', 'she', 'she', 'her']",Female,marissa_king.jpg
hcmg,Claudio Lucarelli,Associate,"Claudio Lucarelli, Associate Professor of Health Care Management",https://hcmg.wharton.upenn.edu/profile/clucarel,[],Male,claudio_lucarelli.jpg
hcmg,Ingrid Nembhard,Full,"Ingrid Nembhard, Fishman Family President's Distinguished Professor, Professor of Health Care Management, Professor of Management (Organizational Behavior)",https://hcmg.wharton.upenn.edu/profile/ingridn,"['she', 'she', 'she', 'she', 'her', 'she', 'her', 'her']",Female,ingrid_nembhard.jpg
hcmg,Alexander Olssen,Assistant,"Alexander Olssen, Assistant Professor of Health Care Management,",https://hcmg.wharton.upenn.edu/profile/olssen,"['his', 'his', 'he', 'he', 'his', 'he', 'his', 'his']",Male,alexander_olssen.jpg
lgst,Brian Berkey,Associate,"Brian Berkey, Associate Professor of Legal Studies & Business Ethics",https://lgst.wharton.upenn.edu/profile/bberkey,"['he', 'he', 'his']",Male,brian_berkey.jpg
lgst,Vincent Buccola,Associate,"Vincent Buccola, Associate Professor of Legal Studies & Business Ethics",https://lgst.wharton.upenn.edu/profile/buccola,"['he', 'he', 'he']",Male,vincent_buccola.jpg
lgst,Peter Conti-Brown,Associate,"Peter Conti-Brown, Class of 1965 Associate Professor of Financial Regulation, Associate Professor of Legal Studies & Business Ethics",https://lgst.wharton.upenn.edu/profile/petercb,"['he', 'he', 'he', 'his', 'her', 'his', 'he']",Male,peter_conti-brown.jpg
lgst,Thomas Donaldson,Full,"Thomas Donaldson, Mark O. Winkelman Professor, Professor of Legal Studies & Business Ethics",https://lgst.wharton.upenn.edu/profile/donaldst,[],Male,thomas_donaldson.jpg
lgst,Brian D. Feinstein,Assistant,"Brian D. Feinstein, Assistant Professor of Legal Studies & Business Ethics",https://lgst.wharton.upenn.edu/profile/bdfeinst,['his'],Male,brian_d_feinstein.jpg
lgst,Herbert Hovenkamp,Full,"Herbert Hovenkamp, James G. Dinan University Professor, Professor of Legal Studies & Business Ethics, Professor of Law",https://lgst.wharton.upenn.edu/profile/hhovenka,"['he', 'his', 'he', 'he', 'he', 'his', 'he', 'he', 'his', 'he']",Male,herbert_hovenkamp.jpg
lgst,Julian Jonker,Assistant,"Julian Jonker, Assistant Professor of Legal Studies & Business Ethics",https://lgst.wharton.upenn.edu/profile/jonker,"['he', 'his', 'his', 'he', 'he', 'he']",Male,julian_jonker.jpg
lgst,William S. Laufer,Full,"William S. Laufer, Julian Aresty Endowed Professor, Professor of Legal Studies & Business Ethics, Sociology, and Criminology, Co-Director: The Carol and Lawrence Zicklin Center for Governance & Business Ethics",https://lgst.wharton.upenn.edu/profile/lauferw,[],Male,william_s_laufer.jpg
lgst,Sarah E. Light,Full,"Sarah E. Light, Mitchell J. Blutt and Margo Krody Blutt Presidential Professor, Professor of Legal Studies & Business Ethics",https://lgst.wharton.upenn.edu/profile/lightsa,"['her', 'her', 'his', 'her', 'his', 'her', 'her']",Male,sarah_e_light.jpg
lgst,Philip M. Nichols,Full,"Philip M. Nichols, Joseph Kolodny Professor of Social Responsibility in Business, Professor of Legal Studies & Business Ethics",https://lgst.wharton.upenn.edu/profile/nicholsp,[],Male,philip_m_nichols.jpg
lgst,Eric W. Orts,Full,"Eric W. Orts, Guardsmark Professor, Professor of Legal Studies & Business Ethics and Professor of Management",https://lgst.wharton.upenn.edu/profile/ortse,['he'],Male,eric_w_orts.jpg
lgst,Diana C. Robertson,Full,"Diana C. Robertson, Samuel A. Blank Professor in Legal Studies, Professor of Legal Studies & Business Ethics, Vice Dean and Director, Wharton Undergraduate Division",https://lgst.wharton.upenn.edu/profile/robertsd,['she'],Female,diana_c_robertson.jpg
lgst,Amy Sepinwall,Associate,"Amy Sepinwall, Associate Professor of Legal Studies & Business Ethics",https://lgst.wharton.upenn.edu/profile/sepin,[],Female,amy_sepinwall.jpg
lgst,Amanda Shanor,Assistant,"Amanda Shanor, Assistant Professor of Legal Studies & Business Ethics, Wolpow Family Faculty Scholar",https://lgst.wharton.upenn.edu/profile/shanor,[],Female,amanda_shanor.jpg
lgst,G. Richard Shell,Full,"G. Richard Shell, Thomas Gerrity Professor, Professor of Legal Studies & Business Ethics and Management",https://lgst.wharton.upenn.edu/profile/shellric,"['his', 'his', 'his']",Male,g_richard_shell.jpg
lgst,Christina Parajon Skinner,Assistant,"Christina Parajon Skinner, Assistant Professor of Legal Studies & Business Ethics",https://lgst.wharton.upenn.edu/profile/skinnerc,"['her', 'her', 'her', 'she', 'she', 'her', 'she', 'she', 'her']",Female,christina_parajon_skinner.jpg
lgst,Nina Strohminger,Assistant,"Nina Strohminger, Wolpow Family Faculty Scholar, Assistant Professor of Legal Studies & Business Ethics",https://lgst.wharton.upenn.edu/profile/humean,"['she', 'she', 'she']",Female,nina_strohminger.jpg
lgst,Alan Strudler,Full,"Alan Strudler, Professor of Legal Studies & Business Ethics",https://lgst.wharton.upenn.edu/profile/strudler,"['her', 'her', 'her', 'her', 'she', 'she', 'her', 'he', 'his', 'his', 'he', 'his', 'his', 'his', 'his', 'he', 'his', 'his', 'his', 'her', 'he', 'he', 'his', 'his', 'he', 'her', 'she', 'she', 'she', 'his', 'his']",Male,alan_strudler.jpg
lgst,Kevin Werbach,Full,"Kevin Werbach, Liem Sioe Liong/First Pacific Company Professor, Professor of Legal Studies & Business Ethics , Chairperson, Legal Studies and Business Ethics",https://lgst.wharton.upenn.edu/profile/werbach,[],Male,kevin_werbach.jpg
lgst,David Zaring,Full,"David Zaring, Elizabeth F. Putzel Professor, Professor of Legal Studies & Business Ethics",https://lgst.wharton.upenn.edu/profile/zaring,['his'],Male,david_zaring.jpg
mgmt,Raffi Amit,Full,"Raffi Amit, Marie and Joseph Melone Professor, Professor of Management",https://mgmt.wharton.upenn.edu/profile/amit,"['he', 'his', 'he', 'he', 'he', 'he', 'he']",Male,raffi_amit.jpg
mgmt,Rachel Arnett,Assistant,"Rachel Arnett, Assistant Professor of Management",https://mgmt.wharton.upenn.edu/profile/rarnett,"['she', 'she', 'she', 'she', 'she', 'her', 'she', 'her', 'she', 'she', 'her']",Female,rachel_arnett.jpg
mgmt,Valentina A. Assenova,Assistant,"Valentina A. Assenova, Edward B. and Shirley R. Shils Endowed Term Assistant Professor of Management, Govil Family Faculty Scholar, 2020-2021",https://mgmt.wharton.upenn.edu/profile/vaa,"['she', 'her', 'she', 'she', 'she', 'her', 'her', 'her']",Female,valentina_a_assenova.jpg
mgmt,Iwan Barankay,Associate,"Iwan Barankay, Associate Professor of Management, Associate Professor of  Business Economics and Public Policy",https://mgmt.wharton.upenn.edu/profile/barankay,[],Male,iwan_barankay.jpg
mgmt,Matthew Bidwell,Full,"Matthew Bidwell, Xingmei Zhang and Yongge Dai Professor, Professor of Management",https://mgmt.wharton.upenn.edu/profile/mbidwell,"['he', 'he', 'he']",Male,matthew_bidwell.jpg
mgmt,Lindsey Cameron,Assistant,"Lindsey Cameron, Assistant Professor of Management",https://mgmt.wharton.upenn.edu/profile/ldcamer,"['she', 'she', 'her', 'she', 'she', 'she', 'she', 'her', 'her']",Female,lindsey_cameron.jpg
mgmt,Peter Cappelli,Full,"Peter Cappelli, George W. Taylor Professor, Professor of Management, Director, Center for Human Resources",https://mgmt.wharton.upenn.edu/profile/cappelli,"['he', 'he', 'he', 'he', 'his']",Male,peter_cappelli.jpg
mgmt,Natalie Carlson,Assistant,"Natalie Carlson, Assistant Professor of Management",https://mgmt.wharton.upenn.edu/profile/ncarlson,"['her', 'her', 'she', 'she', 'her']",Female,natalie_carlson.jpg
mgmt,Andrew Carton,Associate,"Andrew Carton, Associate Professor of Management",https://mgmt.wharton.upenn.edu/profile/carton,[],Male,andrew_carton.jpg
mgmt,Stephanie Creary,Assistant,"Stephanie Creary, Assistant Professor of Management, Faculty Fellow of the Coalition for Equity & Opportunity",https://mgmt.wharton.upenn.edu/profile/sjcreary,"['she', 'she', 'she', 'she', 'she', 'her', 'her', 'she', 'her', 'she', 'she', 'she', 'her', 'she', 'she', 'her', 'she', 'she', 'her', 'she', 'she', 'her', 'she', 'she', 'her']",Female,stephanie_creary.jpg
mgmt,Emilie Feldman,Full,"Emilie Feldman, Michael L. Tarnopol Professor, Professor of Management",https://mgmt.wharton.upenn.edu/profile/feldmane,"['she', 'she', 'she', 'her', 'her', 'she', 'her', 'her', 'her', 'her', 'she', 'she', 'she', 'she', 'she', 'his', 'his']",Male,emilie_feldman.jpg
mgmt,Claudine Gartenberg,Assistant,"Claudine Gartenberg, Assistant Professor of Management",https://mgmt.wharton.upenn.edu/profile/cgart,"['her', 'her', 'she', 'she', 'she']",Female,claudine_gartenberg.jpg
mgmt,Aline Gatignon,Assistant,"Aline Gatignon, Assistant Professor of Management,",https://mgmt.wharton.upenn.edu/profile/galine,"['she', 'her', 'she', 'her', 'she', 'she', 'she', 'her', 'her', 'she', 'she', 'her', 'she', 'her', 'her', 'his']",Male,aline_gatignon.jpg
mgmt,Britta Glennon,Assistant,"Britta Glennon, Assistant Professor of Management",https://mgmt.wharton.upenn.edu/profile/bglennon,"['she', 'her']",Female,britta_glennon.jpg
mgmt,Adam Grant,Full,"Adam Grant, The Saul P. Steinberg Professor of Management, Professor of Psychology",https://mgmt.wharton.upenn.edu/profile/grantad,"['he', 'he', 'his', 'he', 'his', 'he', 'his', 'he', 'he', 'his', 'his', 'his', 'he', 'he', 'his', 'his']",Male,adam_grant.jpg
mgmt,Mauro Guillen,Full,"Mauro Guillen, William H. Wurster Professor of Multinational Management, Vice Dean, MBA Program for Executives",https://mgmt.wharton.upenn.edu/profile/guillen,"['he', 'he', 'he', 'his', 'his', 'his', 'he', 'his', 'his', 'he', 'his', 'he', 'his', 'he', 'he', 'he', 'his']",Male,mauro_guillen.jpg
mgmt,Martine Haas,Full,"Martine Haas, The Lauder Chair Professor, Professor of Management, Anthony L. Davis Director, Joseph H. Lauder Institute for Management & International Studies",https://mgmt.wharton.upenn.edu/profile/mrhaas,"['she', 'her', 'she', 'her', 'she', 'her', 'she', 'she', 'she', 'she']",Female,martine_haas.jpg
mgmt,Witold Henisz,Full,"Witold Henisz, Vice Dean and Faculty Director, ESG Initiative, Deloitte & Touche Professor of Management in Honor of Russell E. Palmer, former Managing Partner",https://mgmt.wharton.upenn.edu/profile/henisz,"['he', 'his', 'his', 'his', 'his', 'he', 'he', 'his', 'he', 'he', 'he', 'he', 'he', 'he', 'he', 'his', 'her']",Male,witold_henisz.jpg
mgmt,Exequiel (Zeke) Hernandez,Associate,"Exequiel (Zeke) Hernandez, Max and Bernice Garchik Family Presidential Associate Professor",https://mgmt.wharton.upenn.edu/profile/exequiel,"['he', 'he', 'he', 'his', 'he', 'he', 'he', 'his', 'he']",Male,exequiel_(zeke)_hernandez.jpg
mgmt,David Hsu,Full,"David Hsu, Richard A. Sapp Professor, Professor of Management",https://mgmt.wharton.upenn.edu/profile/dhsu,"['he', 'he', 'his', 'his', 'he', 'his', 'he', 'he', 'her']",Male,david_hsu.jpg
mgmt,Erika H. James,Full,"Erika H. James, Dean, The Wharton School, Reliance Professor of Management and Private Enterprise, Professor of Management",https://mgmt.wharton.upenn.edu/profile/ehjames,"['her', 'she', 'she', 'her', 'her', 'she', 'her', 'she', 'she']",Female,erika_h_james.jpg
mgmt,Rahul Kapoor,Full,"Rahul Kapoor, David W. Hauck Professor at the Wharton School, Professor of Management, Chairperson, Management Department",https://mgmt.wharton.upenn.edu/profile/kapoorr,"['his', 'he', 'he', 'he', 'he', 'his', 'he', 'he', 'he', 'he', 'his']",Male,rahul_kapoor.jpg
mgmt,J. Daniel Kim,Assistant,"J. Daniel Kim, Assistant Professor of Management",https://mgmt.wharton.upenn.edu/profile/jdkim,"['his', 'he', 'his', 'he', 'his', 'his', 'he']",Male,j_daniel_kim.jpg
mgmt,Jacqueline Kirtley,Assistant,"Jacqueline Kirtley, Assistant Professor of Management",https://mgmt.wharton.upenn.edu/profile/jkirtley,"['she', 'her', 'she', 'she']",Female,jacqueline_kirtley.jpg
mgmt,Katherine Klein,Full,"Katherine Klein, Edward H. Bowman Professor, Professor of Management,",https://mgmt.wharton.upenn.edu/profile/kleink,"['her', 'she', 'her', 'she', 'she', 'she', 'she', 'her', 'her', 'her', 'she']",Female,katherine_klein.jpg
mgmt,Saerom (Ronnie) Lee,Assistant,"Saerom (Ronnie) Lee, Assistant Professor of Management",https://mgmt.wharton.upenn.edu/profile/saeroms,"['his', 'his', 'he']",Male,saerom_(ronnie)_lee.jpg
mgmt,Daniel A Levinthal,Full,"Daniel A Levinthal, Reginald H. Jones Professor of Corporate Strategy, Professor of Management",https://mgmt.wharton.upenn.edu/profile/dlev,"['he', 'he', 'he', 'he']",Male,daniel_a_levinthal.jpg
mgmt,John Paul MacDuffie,Full,"John Paul MacDuffie, Professor of Management",https://mgmt.wharton.upenn.edu/profile/macduffi,"['his', 'he']",Male,john_paul_macduffie.jpg
mgmt,Mary-Hunter McDonnell,Associate,"Mary-Hunter McDonnell, Associate Professor of Management",https://mgmt.wharton.upenn.edu/profile/marymcd,"['her', 'she', 'she', 'her', 'she', 'her', 'she', 'her', 'her', 'she']",Female,mary-hunter_mcdonnell.jpg
mgmt,Ethan Mollick,Associate,"Ethan Mollick, Ralph J. Roberts Distinguished Faculty Scholar, Associate Professor of Management, Academic Director, Wharton Interactive",https://mgmt.wharton.upenn.edu/profile/emollick,"['he', 'his', 'his', 'his', 'his', 'his', 'he', 'his', 'his']",Male,ethan_mollick.jpg
mgmt,Paul Nary,Assistant,"Paul Nary, Assistant Professor of Management",https://mgmt.wharton.upenn.edu/profile/paulnary,"['he', 'his', 'he', 'he', 'his', 'his', 'he', 'his', 'he']",Male,paul_nary.jpg
mgmt,Samir Nurmohamed,Associate,"Samir Nurmohamed, Associate Professor of Management",https://mgmt.wharton.upenn.edu/profile/nurmo,"['his', 'he', 'he', 'his', 'his', 'he', 'his', 'he', 'he', 'his', 'he', 'his', 'his', 'he', 'his', 'her', 'her', 'her', 'his', 'he', 'his']",Male,samir_nurmohamed.jpg
mgmt,Michael Parke,Assistant,"Michael Parke, Assistant Professor of Management",https://mgmt.wharton.upenn.edu/profile/mrparke,"['he', 'he', 'his', 'he', 'he', 'his', 'he', 'his', 'he']",Male,michael_parke.jpg
mgmt,Damon J. Phillips,Full,"Damon J. Phillips, Robert Steinberg Professor, Professor of Management",https://mgmt.wharton.upenn.edu/profile/djphill,"['he', 'he', 'his', 'he', 'he', 'his', 'his', 'he', 'his', 'he', 'his', 'he', 'he', 'his', 'he', 'he', 'he']",Male,damon_j_phillips.jpg
mgmt,Leandro S. Pongeluppe,Assistant,"Leandro S. Pongeluppe, Assistant Professor of Management",https://mgmt.wharton.upenn.edu/profile/pongelup,['his'],Male,leandro_s_pongeluppe.jpg
mgmt,Daniel Raff,Associate,"Daniel Raff, Associate Professor of Management",https://mgmt.wharton.upenn.edu/profile/raff,['his'],Male,daniel_raff.jpg
mgmt,Manav Raj,Assistant,"Manav Raj, Assistant Professor of Management",https://mgmt.wharton.upenn.edu/profile/manavraj,"['his', 'he']",Male,manav_raj.jpg
mgmt,Lori Rosenkopf,Full,"Lori Rosenkopf, Simon and Midge Palley Professor, Professor of Management, Vice Dean of Entrepreneurship",https://mgmt.wharton.upenn.edu/profile/rosenkol,"['her', 'her', 'her', 'her', 'she', 'her', 'she', 'her', 'she', 'she']",Female,lori_rosenkopf.jpg
mgmt,Nancy Rothbard,Full,"Nancy Rothbard, David Pottruck Professor, Professor of Management, Deputy Dean, The Wharton School",https://mgmt.wharton.upenn.edu/profile/npr,"['she', 'she', 'her', 'her', 'she', 'her', 'she', 'she', 'she', 'she', 'she', 'she', 'her', 'she', 'her', 'her', 'her', 'her']",Female,nancy_rothbard.jpg
mgmt,Nicolaj Siggelkow,Full,"Nicolaj Siggelkow, David M. Knott Professor, Professor of Management, Co-Director of the Mack Institute for Innovation Management, Vice Dean, MBA Program",https://mgmt.wharton.upenn.edu/profile/nicolaj,"['he', 'he', 'he', 'his', 'he', 'his', 'his', 'he', 'his']",Male,nicolaj_siggelkow.jpg
mgmt,Harbir Singh,Full,"Harbir Singh, Mack Professor, Professor of Management, Co-Director, Mack Institute for Innovation Management, Faculty Director, Huntsman Program",https://mgmt.wharton.upenn.edu/profile/singhh,['his'],Male,harbir_singh.jpg
mgmt,Philip Tetlock,Full,"Philip Tetlock, Leonore Annenberg University Professor in Democracy and Citizenship, Professor of Management, Professor of Psychology",https://mgmt.wharton.upenn.edu/profile/tetlock,[],Male,philip_tetlock.jpg
mgmt,Louis A Thomas,Associate,"Louis A Thomas, Associate Professor of Management",https://mgmt.wharton.upenn.edu/profile/thomas,[],Male,louis_a_thomas.jpg
mgmt,Tyler Wry,Associate,"Tyler Wry, Associate Professor of Management",https://mgmt.wharton.upenn.edu/profile/twry,"['he', 'his']",Male,tyler_wry.jpg
mgmt,Amy Wrzesniewski,Full,"Amy Wrzesniewski, William and Jacalyn Egan Professor, Professor of Management",https://mgmt.wharton.upenn.edu/profile/amyw,"['she', 'her', 'her', 'she', 'she', 'her', 'her', 'her']",Female,amy_wrzesniewski.jpg
mgmt,Tiantian Yang,Assistant,"Tiantian Yang, Assistant Professor of Management, Assistant Professor of Sociology",https://mgmt.wharton.upenn.edu/profile/yangtt,"['she', 'her', 'she', 'she', 'she', 'she', 'she', 'she', 'she', 'her', 'she']",Female,tiantian_yang.jpg
marketing,Jonah Berger,Associate,"Jonah Berger, Associate Professor of Marketing",https://marketing.wharton.upenn.edu/profile/jberger,"['he', 'his', 'his', 'his', 'he', 'he', 'she']",Male,jonah_berger.jpg
marketing,Ron Berman,Associate,"Ron Berman, Associate Professor of Marketing, Graduate Group Chair, Marketing",https://marketing.wharton.upenn.edu/profile/ronber,"['he', 'his', 'his', 'he', 'his', 'his', 'he', 'she']",Male,ron_berman.jpg
marketing,Eric T Bradlow,Full,"Eric T Bradlow, The K.P. Chao Professor, Professor of Marketing, Vice Dean of Analytics at Wharton, Chairperson, Wharton Marketing Department, Professor of Economics; Professor of Education; Professor of Statistics and Data Science",https://marketing.wharton.upenn.edu/profile/ebradlow,"['his', 'he', 'his', 'his', 'his', 'he', 'she', 'his']",Male,eric_t_bradlow.jpg
marketing,Wendy De La Rosa,Assistant,"Wendy De La Rosa, Assistant Professor of Marketing",https://marketing.wharton.upenn.edu/profile/wendyde,"['she', 'she', 'her', 'her', 'her', 'she', 'her', 'she']",Female,wendy_de_la_rosa.jpg
marketing,Ryan Dew,Assistant,"Ryan Dew, Assistant Professor of Marketing",https://marketing.wharton.upenn.edu/profile/ryandew,"['his', 'he', 'his', 'he', 'she']",Male,ryan_dew.jpg
marketing,Peter Fader,Full,"Peter Fader, Frances and Pei-Yuan Chia Professor,  Professor of Marketing",https://marketing.wharton.upenn.edu/profile/faderp,"['his', 'he', 'his', 'his', 'he', 'his', 'he', 'he', 'he', 'she']",Male,peter_fader.jpg
marketing,Raghuram (Raghu) Iyengar,Full,"Raghuram (Raghu) Iyengar, Miers-Busch, W’1885 Professor, Professor of Marketing, Faculty Director of Innovation, Experiential Learning and Research Initiatives,  Analytics at Wharton",https://marketing.wharton.upenn.edu/profile/riyengar,"['his', 'he', 'he', 'his', 'his', 'he', 'she']",Male,raghuram_(raghu)_iyengar.jpg
marketing,Zhenling Jiang,Assistant,"Zhenling Jiang, Assistant Professor of Marketing",https://marketing.wharton.upenn.edu/profile/zhenling,"['she', 'her', 'she', 'her', 'she', 'her', 'she', 'her', 'he', 'she']",Male,zhenling_jiang.jpg
marketing,Barbara E. Kahn,Full,"Barbara E. Kahn, Patty and Jay H. Baker Professor, Professor of Marketing,",https://marketing.wharton.upenn.edu/profile/kahn,"['she', 'she', 'she', 'she', 'she', 'she', 'her', 'her', 'he', 'she', 'her']",Male,barbara_e_kahn.jpg
marketing,Cait Lamberton,Full,"Cait Lamberton, Alberto I. Duran President's Distinguished Professor, Professor of Marketing, Co-Editor, Journal of Marketing",https://marketing.wharton.upenn.edu/profile/catlam,"['he', 'she']",Male,cait_lamberton.jpg
marketing,John McCoy,Assistant,"John McCoy, Assistant Professor of Marketing",https://marketing.wharton.upenn.edu/profile/jpmccoy,"['his', 'he', 'his', 'his', 'he', 'she']",Male,john_mccoy.jpg
marketing,Barbara Mellers,Full,"Barbara Mellers, I. George Heyman University Professor, Professor of Marketing, Professor of Psychology",https://marketing.wharton.upenn.edu/profile/mellers,"['she', 'she', 'she']",Female,barbara_mellers.jpg
marketing,Shiri Melumad,Assistant,"Shiri Melumad, Assistant Professor of Marketing",https://marketing.wharton.upenn.edu/profile/_whrtn71,"['her', 'she']",Female,shiri_melumad.jpg
marketing,Robert Meyer,Full,"Robert Meyer, Frederick H. Ecker/MetLife Insurance Professor, Professor of Marketing, Co-Director, Wharton Impact of Technology Initiative",https://marketing.wharton.upenn.edu/profile/meyerr,"['he', 'he', 'his', 'his', 'his', 'he', 'he', 'he', 'he', 'she']",Male,robert_meyer.jpg
marketing,Gideon Nave,Associate,"Gideon Nave, Carlos and Rosa de la Cruz Associate Professor, Carlos and Rosa de la Cruz Associate Professor of Marketing",https://marketing.wharton.upenn.edu/profile/gnave,"['he', 'he', 'he', 'his', 'his', 'he']",Male,gideon_nave.jpg
marketing,Michael Platt,Full,"Michael Platt, James S. Riepe University Professor, Professor of Marketing, Professor of Psychology, Professor of Neuroscience,",https://marketing.wharton.upenn.edu/profile/mplatt,"['his', 'he', 'he', 'he', 'she']",Male,michael_platt.jpg
marketing,Stefano Puntoni,Full,"Stefano Puntoni, Co-Director, AI at Wharton, Sebastian S. Kresge Professor of Marketing, Professor of Marketing",https://marketing.wharton.upenn.edu/profile/puntoni,"['he', 'his', 'his', 'he', 'his', 'he', 'he']",Male,stefano_puntoni.jpg
marketing,Jagmohan Raju,Full,"Jagmohan Raju, Joseph J. Aresty Professor, Executive Director, Wharton Co-Sponsorship of Indian School of Business, Professor of Marketing",https://marketing.wharton.upenn.edu/profile/rajuj,"['his', 'he', 'his', 'he', 'he', 'his', 'his', 'his', 'her', 'he', 'she', 'his']",Male,jagmohan_raju.jpg
marketing,Americus Reed,Full,"Americus Reed, The Whitney M. Young Jr. Professor, Professor of Marketing",https://marketing.wharton.upenn.edu/profile/amreed,"['his', 'he', 'his', 'his', 'his', 'his', 'her', 'he', 'she']",Male,americus_reed.jpg
marketing,David Reibstein,Full,"David Reibstein, William Stewart Woodside Professor, Professor of Marketing",https://marketing.wharton.upenn.edu/profile/reibstei,"['his', 'his', 'he', 'he', 'he', 'his', 'he', 'his', 'his', 'his', 'he', 'he', 'she', 'his', 'his']",Male,david_reibstein.jpg
marketing,Thomas S. Robertson,Full,"Thomas S. Robertson, Joshua J. Harris Professor, Professor of Marketing, Academic Director, Jay H. Baker Retailing Center, Executive Director, Wharton INSEAD Alliance",https://marketing.wharton.upenn.edu/profile/trobe,"['his', 'he', 'his', 'he', 'his', 'his', 'he', 'he', 'he', 'his', 'he', 'he', 'he', 'he', 'she']",Male,thomas_s_robertson.jpg
marketing,Marissa A. Sharif,Assistant,"Marissa A. Sharif, Assistant Professor of Marketing,",https://marketing.wharton.upenn.edu/profile/_whrtn72,"['her', 'her', 'her']",Female,marissa_a_sharif.jpg
marketing,Christophe Van den Bulte,Full,"Christophe Van den Bulte, Gayfryd Steinberg Professor, Professor of Marketing",https://marketing.wharton.upenn.edu/profile/vdbulte,"['he', 'his', 'he', 'his', 'his']",Male,christophe_van_den_bulte.jpg
marketing,Patti Williams,Associate,"Patti Williams, Ira A. Lipman Associate Professor of Marketing, Vice Dean, Wharton Executive Education",https://marketing.wharton.upenn.edu/profile/pattiw,"['her', 'her', 'she', 'she', 'she', 'she', 'her', 'her']",Female,patti_williams.jpg
marketing,Pinar Yildirim,Associate,"Pinar Yildirim, Associate Professor of Marketing, Associate Professor of Economics",https://marketing.wharton.upenn.edu/profile/pyild,"['her', 'she', 'her', 'she', 'she', 'her', 'her', 'she', 'her', 'he', 'she', 'he', 'his', 'her']",Male,pinar_yildirim.jpg
marketing,Z. John Zhang,Full,"Z. John Zhang, Tsai Wan-Tsai Professor, Professor of Marketing, Director, Penn Wharton China Center",https://marketing.wharton.upenn.edu/profile/zjzhang,"['he', 'he', 'he', 'she']",Male,z_john_zhang.jpg
oid,Gad Allon,Full,"Gad Allon, Jeffrey A. Keswin Professor, Professor of Operations, Information and Decisions, Director of the Jerome Fisher Program in Management & Technology",https://oid.wharton.upenn.edu/profile/gadallon,"['he', 'his', 'his', 'his', 'he', 'he', 'he', 'his', 'her']",Male,gad_allon.jpg
oid,Hamsa Bastani,Associate,"Hamsa Bastani, Associate Professor of Operations, Information and Decisions, Associate Professor of Statistics and Data Science (secondary)",https://oid.wharton.upenn.edu/profile/hamsab,"['her', 'her', 'she', 'her', 'his', 'her']",Male,hamsa_bastani.jpg
oid,Gérard Cachon,Full,"Gérard Cachon, Fred R. Sullivan Professor, Professor of Operations, Information and Decisions, Professor of Marketing,",https://oid.wharton.upenn.edu/profile/cachon,"['he', 'he', 'his', 'her', 'she']",Male,gérard_cachon.jpg
oid,Angela Duckworth,Full,"Angela Duckworth, Rosa Lee and Egbert Chang Professor",https://oid.wharton.upenn.edu/profile/duckwort,[],Female,angela_duckworth.jpg
oid,Marshall L. Fisher,Full,"Marshall L. Fisher, UPS Professor, Professor of Operations, Information and Decisions",https://oid.wharton.upenn.edu/profile/fisher,"['her', 'she']",Female,marshall_l_fisher.jpg
oid,Santiago Gallino,Associate,"Santiago Gallino, Charles W. Evans Distinguished Faculty Scholar, Associate Professor of Operations, Information and Decisions",https://oid.wharton.upenn.edu/profile/sgallino,"['his', 'his', 'he', 'he']",Male,santiago_gallino.jpg
oid,Noah Gans,Full,"Noah Gans, Anheuser-Busch Professor of Management Science at Wharton, Professor of Operations, Information and Decisions",https://oid.wharton.upenn.edu/profile/gans,"['he', 'he', 'he']",Male,noah_gans.jpg
oid,Lorin M. Hitt,Full,"Lorin M. Hitt, Zhang Jindong Professor, Professor of Operations, Information and Decisions",https://oid.wharton.upenn.edu/profile/lhitt,[],Male,lorin_m_hitt.jpg
oid,Kartik Hosanagar,Full,"Kartik Hosanagar, John C. Hower Professor, Professor of Operations, Information and Decisions",https://oid.wharton.upenn.edu/profile/kartikh,"['he', 'he', 'his', 'his', 'he', 'he', 'he', 'she']",Male,kartik_hosanagar.jpg
oid,Steven O. Kimbrough,Full,"Steven O. Kimbrough, Professor of Operations, Information and Decisions",https://oid.wharton.upenn.edu/profile/sok,[],Male,steven_o_kimbrough.jpg
oid,Dean Knox,Assistant,"Dean Knox, Assistant Professor of Operations, Information and Decisions, Assistant Professor of Statistics and Data Science",https://oid.wharton.upenn.edu/profile/dcknox,"['his', 'his']",Male,dean_knox.jpg
oid,Simone Marinesi,Assistant,"Simone Marinesi, Assistant Professor of Operations, Information and Decisions",https://oid.wharton.upenn.edu/profile/marinesi,"['he', 'his', 'his', 'his', 'his', 'he', 'his']",Male,simone_marinesi.jpg
oid,Katherine L. Milkman,Full,"Katherine L. Milkman, James G. Dinan Endowed Professor, Professor of Operations, Information and Decisions",https://oid.wharton.upenn.edu/profile/kmilkman,"['her', 'she', 'her', 'she', 'her', 'she', 'she', 'she', 'her', 'she', 'her', 'her', 'her', 'his', 'her']",Male,katherine_l_milkman.jpg
oid,Ken Moon,Assistant,"Ken Moon, Assistant Professor of Operations, Information and Decisions",https://oid.wharton.upenn.edu/profile/kenmoon,[],Male,ken_moon.jpg
oid,Serguei Netessine,Full,"Serguei Netessine, Dhirubhai Ambani Professor of Innovation and Entrepreneurship, Professor of Operations, Information and Decisions, Senior Vice Dean for Innovation and Global Initiatives",https://oid.wharton.upenn.edu/profile/netessin,"['he', 'he', 'his', 'he', 'he', 'he', 'he', 'he', 'he', 'his', 'he', 'his', 'her', 'she']",Male,serguei_netessine.jpg
oid,Daniel Rock,Assistant,"Daniel Rock, Assistant Professor of Operations, Information and Decisions",https://oid.wharton.upenn.edu/profile/rockdi,"['his', 'he', 'his', 'his', 'his', 'his', 'he']",Male,daniel_rock.jpg
oid,Sergei Savin,Full,"Sergei Savin, Professor of Operations, Information and Decisions",https://oid.wharton.upenn.edu/profile/savin,"['his', 'he', 'he']",Male,sergei_savin.jpg
oid,Rebecca Schaumberg,Assistant,"Rebecca Schaumberg, Assistant Professor of Operations, Information and Decisions",https://oid.wharton.upenn.edu/profile/rlschaum,"['she', 'she', 'she', 'her', 'her', 'she', 'his', 'her']",Male,rebecca_schaumberg.jpg
oid,Maurice Schweitzer,Full,"Maurice Schweitzer, Cecilia Yen Koo Professor, Professor of Operations, Information and Decisions, Professor of Management,",https://oid.wharton.upenn.edu/profile/schweitz,"['his', 'he', 'he', 'he', 'he', 'his', 'her']",Male,maurice_schweitzer.jpg
oid,Neha Sharma,Assistant,"Neha Sharma,  Assistant Professor of Operations, Information and Decisions",https://oid.wharton.upenn.edu/profile/nehash,"['her', 'her']",Female,neha_sharma.jpg
oid,Joseph Simmons,Full,"Joseph Simmons, Dorothy Silberberg Professor of Applied Statistics, Professor of Operations, Information, and Decisions",https://oid.wharton.upenn.edu/profile/jsimmo,"['his', 'her']",Male,joseph_simmons.jpg
oid,Hummy Song,Assistant,"Hummy Song, Assistant Professor of Operations, Information and Decisions, Assistant Professor of Health Care Management",https://oid.wharton.upenn.edu/profile/hummy,"['she', 'she', 'her', 'her', 'her', 'her', 'her', 'she', 'she', 'her', 'she']",Female,hummy_song.jpg
oid,Xuanming Su,Full,"Xuanming Su, Murrel J. Ades Professor, Professor of Operations, Information and Decisions",https://oid.wharton.upenn.edu/profile/xuanming,[],Male,xuanming_su.jpg
oid,Alp Sungu,Assistant,"Alp Sungu, Assistant Professor of Operations, Information and Decisions",https://oid.wharton.upenn.edu/profile/alpsungu,[],Male,alp_sungu.jpg
oid,Prasanna (Sonny) Tambe,Associate,"Prasanna (Sonny) Tambe, Associate Professor of Operations, Information and Decisions",https://oid.wharton.upenn.edu/profile/tambe,"['his', 'his', 'he', 'his', 'his', 'he', 'his', 'his']",Male,prasanna_(sonny)_tambe.jpg
oid,Christian Terwiesch,Full,"Christian Terwiesch, Andrew M. Heller Professor at the Wharton School, Professor of Operations, Information and Decisions, Professor of Health Policy, Perelman School of Medicine, Co-Director, Mack Institute of Innovation Management, Department Chair",https://oid.wharton.upenn.edu/profile/terwiesc,"['he', 'his', 'he', 'his', 'his', 'his', 'he', 'he']",Male,christian_terwiesch.jpg
oid,Karl Ulrich,Full,"Karl Ulrich, CIBC Endowed Professor, Professor of Operations, Information and Decisions, Professor of Management, Advisor on Asia Strategy",https://oid.wharton.upenn.edu/profile/ulrich,"['he', 'his', 'he', 'his', 'he', 'he', 'his', 'he', 'he', 'he']",Male,karl_ulrich.jpg
oid,Senthil Veeraraghavan,Full,"Senthil Veeraraghavan, Panasonic Professor of Manufacturing and Logistics, Professor of Operations, Information and Decisions",https://oid.wharton.upenn.edu/profile/senthilv,"['his', 'his', 'he', 'his']",Male,senthil_veeraraghavan.jpg
oid,Duncan Watts,Full,"Duncan Watts, Stevens University Professor, Professor of Operations, Information and Decisions, Professor of Communication, Professor of Computer and Information Science",https://oid.wharton.upenn.edu/profile/djwatts,"['his', 'he', 'he', 'he', 'he', 'his', 'he', 'he', 'he', 'his', 'his', 'her']",Male,duncan_watts.jpg
oid,Lynn Wu,Associate,"Lynn Wu, Associate Professor of Operations, Information and Decisions,",https://oid.wharton.upenn.edu/profile/wulynn,"['she', 'her', 'her', 'she', 'her', 'she', 'her', 'her', 'she', 'she', 'her', 'her', 'her', 'she', 'she']",Female,lynn_wu.jpg
real-estate,Sophie Calder-Wang,Assistant,"Sophie Calder-Wang, Assistant Professor in Wharton Real Estate, Assistant Professor of Business Economics & Public Policy (Secondary), Assistant Professor of Finance (Secondary)",https://real-estate.wharton.upenn.edu/profile/sophiecw,[],Unknown,sophie_calder-wang.jpg
real-estate,Gilles Duranton,Full,"Gilles Duranton,  Dean's Chair in Real Estate Professor",https://real-estate.wharton.upenn.edu/profile/duranton,"['her', 'her']",Female,gilles_duranton.jpg
real-estate,Fernando Ferreira,Full,"Fernando Ferreira, C.F. Koo Professor, Professor of Real Estate, Professor of Business Economics and Public Policy",https://real-estate.wharton.upenn.edu/profile/fferreir,[],Male,fernando_ferreira.jpg
real-estate,Joseph Gyourko,Full,"Joseph Gyourko, Martin Bucksbaum Professor, Professor of Real Estate, Professor of Finance, Professor of Business Economics & Public Policy, Nancy A. Nasher and David Haemisegger Director of the Zell/Lurie Real Estate Center",https://real-estate.wharton.upenn.edu/profile/gyourko,[],Male,joseph_gyourko.jpg
real-estate,Jessie Handbury,Associate,"Jessie Handbury, Gilbert and Shelley Harrison Associate Professor",https://real-estate.wharton.upenn.edu/profile/handbury,[],Female,jessie_handbury.jpg
real-estate,Mariaflavia Harari,Assistant,"Mariaflavia Harari, Assistant Professor of Real Estate, Leonard J. Horwitz Faculty Scholar",https://real-estate.wharton.upenn.edu/profile/harari,[],Female,mariaflavia_harari.jpg
real-estate,Benjamin Keys,Full,"Benjamin Keys, Rowan Family Foundation Professor, Professor of Real Estate, Professor of Finance",https://real-estate.wharton.upenn.edu/profile/benkeys,[],Male,benjamin_keys.jpg
real-estate,Todd Sinai,Full,"Todd Sinai, David B. Ford Professor, Professor of Real Estate and Business Economics and Public Policy, Chair, Real Estate Department",https://real-estate.wharton.upenn.edu/profile/sinai,[],Male,todd_sinai.jpg
real-estate,Susan M Wachter,Full,"Susan M Wachter, Albert Sussman Professor of Real Estate, Professor of Finance, Co-Director, Penn Institute for Urban Research",https://real-estate.wharton.upenn.edu/profile/wachter,"['she', 'her']",Female,susan_m_wachter.jpg
real-estate,Maisy Wong,Associate,"Maisy Wong, James T. Riady Associate Professor of Real Estate",https://real-estate.wharton.upenn.edu/profile/maisy,[],Female,maisy_wong.jpg
statistics,Jason Altschuler,Assistant,"Jason Altschuler, Assistant Professor of Statistics and Data Science, Assistant Professor of Computer and Information Science (secondary appointment), Assistant Professor of Electrical and Systems Engineering (secondary appointment)",https://statistics.wharton.upenn.edu/profile/alts,[],Male,jason_altschuler.jpg
statistics,Bhaswar B. Bhattacharya,Associate,"Bhaswar B. Bhattacharya, Associate Professor of Statistics and Data Science, Associate Professor of Mathematics (secondary appointment)",https://statistics.wharton.upenn.edu/profile/bhaswar,[],Male,bhaswar_b_bhattacharya.jpg
statistics,Tony Cai,Full,"Tony Cai, Daniel H. Silberberg Professor, Professor of Statistics and Data Science",https://statistics.wharton.upenn.edu/profile/tcai,[],Male,tony_cai.jpg
statistics,Yuxin Chen,Associate,"Yuxin Chen, Associate Professor of Statistics and Data Science, Associate Professor of Electrical and Systems Engineering (secondary appointment)",https://statistics.wharton.upenn.edu/profile/yuxinc,[],Male,yuxin_chen.jpg
statistics,Edgar Dobriban,Associate,"Edgar Dobriban, Associate Professor of Statistics and Data Science, with secondary appointment in Computer and Information Science",https://statistics.wharton.upenn.edu/profile/dobriban,[],Male,edgar_dobriban.jpg
statistics,Jiaoyang Huang,Assistant,"Jiaoyang Huang, Assistant Professor of Statistics and Data Science",https://statistics.wharton.upenn.edu/profile/huangjy,[],Male,jiaoyang_huang.jpg
statistics,Shane T. Jensen,Full,"Shane T. Jensen, Professor of Statistics and Data Science",https://statistics.wharton.upenn.edu/profile/stjensen,[],Male,shane_t_jensen.jpg
statistics,Eugene Katsevich,Assistant,"Eugene Katsevich, Assistant Professor of Statistics and Data Science",https://statistics.wharton.upenn.edu/profile/ekatsevi,[],Male,eugene_katsevich.jpg
statistics,Mark G. Low,Full,"Mark G. Low, Walter C. Bladstrom Professor, Professor of Statistics and Data Science",https://statistics.wharton.upenn.edu/profile/lowm,[],Unknown,mark_g_low.jpg
statistics,Zhimei Ren,Assistant,"Zhimei Ren, Assistant Professor of Statistics and Data Science",https://statistics.wharton.upenn.edu/profile/zren,[],Female,zhimei_ren.jpg
statistics,Dylan Small,Full,"Dylan Small, Universal Furniture Professor, Professor of Statistics and Data Science, Department Chair",https://statistics.wharton.upenn.edu/profile/dsmall,[],Male,dylan_small.jpg
statistics,Weijie Su,Associate,"Weijie Su, Associate Professor of Statistics and Data Science, Associate Professor of Computer and Information Science (secondary appointment)",https://statistics.wharton.upenn.edu/profile/suw,['he'],Male,weijie_su.jpg
statistics,Eric J. Tchetgen Tchetgen,Full,"Eric J. Tchetgen Tchetgen, University Professor, Professor of Biostatistics in Biostatistics and Epidemiology, Professor of Statistics and Data Science",https://statistics.wharton.upenn.edu/profile/ett,[],Male,eric_j_tchetgen_tchetgen.jpg
statistics,Yuting Wei,Assistant,"Yuting Wei, Assistant Professor of Statistics and Data Science",https://statistics.wharton.upenn.edu/profile/ytwei,[],Female,yuting_wei.jpg
statistics,Abraham J. Wyner,Full,"Abraham J. Wyner, Professor of Statistics and Data Science, Director of Undergraduate Program in Statistics and Data Science, Faculty Co-Director of the Wharton Sports Analytics and Business Initiative",https://statistics.wharton.upenn.edu/profile/ajw,"['his', 'he', 'his', 'he', 'his', 'he', 'he', 'he', 'his', 'he', 'he', 'he', 'he', 'he', 'he', 'his', 'he']",Male,abraham_j_wyner.jpg
statistics,Nancy R. Zhang,Full,"Nancy R. Zhang, Ge Li and Ning Zhao Professor, Professor of Statistics and Data Science, Vice Dean of Wharton Doctoral Programs",https://statistics.wharton.upenn.edu/profile/nzh,"['her', 'she', 'she', 'she', 'her', 'she', 'she', 'she', 'she', 'she', 'her']",Female,nancy_r_zhang.jpg
statistics,Anderson Ye Zhang,Assistant,"Anderson Ye Zhang, Alfred H. Williams Faculty Scholar, Assistant Professor of Statistics and Data Science",https://statistics.wharton.upenn.edu/profile/ayz,[],Unknown,anderson_ye_zhang.jpg
statistics,Linda Zhao,Full,"Linda Zhao, Professor of Statistics and Data Science, Academic Director of the Dual Master's Degree in Statistics",https://statistics.wharton.upenn.edu/profile/lzhao,"['her', 'she', 'she']",Female,linda_zhao.jpg
statistics,Bingxin Zhao,Assistant,"Bingxin Zhao, Assistant Professor of Statistics and Data Science",https://statistics.wharton.upenn.edu/profile/bxzhao,[],Male,bingxin_zhao.jpg
